"","filename","sample_name","hum_mean","T_mean","lm_intercept","lm_slope","adjR2","fluxmol","fluxumol"
"1","06-11-21_DownloadedLog(6).csv","06-11-21_DownloadedLog(6)_Measurment1","73.0033333333333","18.6866666666667","396.923076923077","0.02307692307692","0.846153846153811","1.06220584586809e-07","0.106220584586809"
"2","06-11-21_DownloadedLog(6).csv","06-11-21_DownloadedLog(6)_Measurment2","77.145","18.4591666666667","389.133034987795","0.0870016273392999","0.966831448864809","4.00146918219858e-07","0.400146918219858"
"3","06-11-21_DownloadedLog(6).csv","06-11-21_DownloadedLog(6)_Measurment3","81.4084615384615","17.0076923076923","389.295156868718","0.0881815412732257","0.960703635790998","4.03554972085197e-07","0.403554972085197"
"4","06-11-21_DownloadedLog(6).csv","06-11-21_DownloadedLog(6)_Measurment4","84.9507692307692","15.7915384615385","390.082241851965","0.0733323180018276","0.96950293039995","3.34192210183287e-07","0.334192210183287"
"5","06-11-21_DownloadedLog(6).csv","06-11-21_DownloadedLog(6)_Measurment5","87.5813333333333","15.062","391.660526315789","0.0788157894736843","0.982290401484481","3.58274763403899e-07","0.358274763403899"
