"","filename","sample_name","hum_mean","T_mean","lm_intercept","lm_slope","adjR2","fluxmol","fluxumol"
"1","06-01-21_DownloadedLog(6)askja.csv","06-01-21_DownloadedLog(6)askja_Measurment1","54.86","21.5366666666667","557.038461538462","0.0788461538461533","0.747401247401252","2.2959949436015e-07","0.22959949436015"
"2","06-01-21_DownloadedLog(6)askja.csv","06-01-21_DownloadedLog(6)askja_Measurment2","64.3164285714286","20.5742857142857","555.750579150579","0.0790347490347488","0.986061302095296","2.29397068055444e-07","0.229397068055444"
"3","06-01-21_DownloadedLog(6)askja.csv","06-01-21_DownloadedLog(6)askja_Measurment3","70.8646666666667","19.028","557.952941176471","0.0813445378151263","0.989255989352137","2.34858258262637e-07","0.234858258262637"
"4","06-01-21_DownloadedLog(6)askja.csv","06-01-21_DownloadedLog(6)askja_Measurment4","78.0164285714286","17.2357142857143","564.695752895753","0.0708880308880307","0.97998712998713","2.03412710958453e-07","0.203412710958453"
"5","06-01-21_DownloadedLog(6)askja.csv","06-01-21_DownloadedLog(6)askja_Measurment5","80.078","16.556","565.276470588235","0.0642436974789913","0.974927978396442","1.83915336498343e-07","0.183915336498343"
"6","06-01-21_DownloadedLog(6)askja.csv","06-01-21_DownloadedLog(6)askja_Measurment6","82.901","15.754","572.803407601573","0.0475098296199217","0.929427341054379","1.3563349592456e-07","0.13563349592456"
